{
	"format_version": "1.8.0",
	"animations": {
		"animation.sf_nba.zebra.idle": {
			"loop": true,
			"animation_length": 2,
			"bones": {
				"neck": {
					"position": [0, "math.cos(q.anim_time * 180) * -0.3", 0]
				},
				"tail": {
					"rotation": ["-10 + math.cos((q.anim_time - 0.2) * 180) * -2", 0, 0]
				},
				"legbl": {
					"position": [0, 0, 0],
					"scale": 0.99
				},
				"legbr": {
					"position": [0, 0, 0],
					"scale": 0.99
				},
				"legfl": {
					"position": [0, 0, 0],
					"scale": 0.99
				},
				"legfr": {
					"position": [0, 0, 0],
					"scale": 0.99
				},
				"right_ear": {
					"rotation": ["Math.sin((query.anim_time - 0.4) * 180) * -1", 0, 0]
				},
				"left_ear": {
					"rotation": ["Math.sin((query.anim_time - 0.4) * 180) * -1", 0, 0]
				}
			}
		},
		"animation.sf_nba.zebra.walk": {
			"loop": true,
			"animation_length": 1,
			"bones": {
				"body": {
					"rotation": {
						"0.0": [2, 0, 0],
						"0.0417": [1.8802, 0, 0.35364],
						"0.0833": [1.52313, 0, 0.68169],
						"0.1667": [0.47687, 0, 1.19793],
						"0.2083": [0.1198, 0, 1.34552],
						"0.25": [0, 0, 1.4],
						"0.2917": [0.1198, 0, 1.35633],
						"0.3333": [0.47687, 0, 1.21839],
						"0.4167": [1.52313, 0, 0.7175],
						"0.4583": [1.8802, 0, 0.38046],
						"0.5": [2, 0, 0],
						"0.5417": [1.8802, 0, -0.38907],
						"0.5833": [1.52313, 0, -0.74412],
						"0.6667": [0.47687, 0, -1.25227],
						"0.7083": [0.1198, 0, -1.36981],
						"0.75": [0, 0, -1.4],
						"0.7917": [0.1198, 0, -1.35885],
						"0.8333": [0.47687, 0, -1.23177],
						"0.9167": [1.52313, 0, -0.70436],
						"0.9583": [1.8802, 0, -0.36019],
						"1.0": [2, 0, 0]
					},
					"position": {
						"0.0": [0, -0.7, -0.8],
						"0.0417": [0, -0.71198, -0.8],
						"0.0833": [0, -0.74769, -0.8],
						"0.1667": [0, -0.85231, -0.8],
						"0.2083": [0, -0.88802, -0.8],
						"0.25": [0, -0.9, -0.8],
						"0.2917": [0, -0.88802, -0.8],
						"0.3333": [0, -0.85231, -0.8],
						"0.4167": [0, -0.74769, -0.8],
						"0.4583": [0, -0.71198, -0.8],
						"0.5": [0, -0.7, -0.8],
						"0.5417": [0, -0.71198, -0.8],
						"0.5833": [0, -0.74769, -0.8],
						"0.6667": [0, -0.85231, -0.8],
						"0.7083": [0, -0.88802, -0.8],
						"0.75": [0, -0.9, -0.8],
						"0.7917": [0, -0.88802, -0.8],
						"0.8333": [0, -0.85231, -0.8],
						"0.9167": [0, -0.74769, -0.8],
						"0.9583": [0, -0.71198, -0.8],
						"1.0": [0, -0.7, -0.8]
					}
				},
				"tail": {
					"rotation": {
						"0.0": [-13.85, 0, -2.05],
						"0.0417": [-15.46, 0, -1.12],
						"0.0833": [-16, 0, 0],
						"0.125": [-15.46, 0, 1.13],
						"0.1667": [-13.85, 0, 2.08],
						"0.2083": [-11.5, 0, 2.78],
						"0.25": [-9.15, 0, 3.22],
						"0.2917": [-7.54, 0, 3.44],
						"0.3333": [-7, 0, 3.5],
						"0.375": [-7.54, 0, 3.44],
						"0.4167": [-9.15, 0, 3.25],
						"0.4583": [-11.5, 0, 2.88],
						"0.5": [-13.85, 0, 2.3],
						"0.5417": [-15.46, 0, 1.4],
						"0.5833": [-16, 0, 0],
						"0.625": [-15.46, 0, -1.39],
						"0.6667": [-13.85, 0, -2.26],
						"0.7083": [-11.5, 0, -2.82],
						"0.75": [-9.15, 0, -3.17],
						"0.7917": [-7.54, 0, -3.35],
						"0.8333": [-7, 0, -3.4],
						"0.875": [-7.54, 0, -3.35],
						"0.9167": [-9.15, 0, -3.14],
						"0.9583": [-11.5, 0, -2.73],
						"1.0": [-13.85, 0, -2.05]
					}
				},
				"left_arm": {
					"rotation": {
						"0.0": [-18, 0, 3.4],
						"0.5833": [20, 0, 3.4],
						"0.7083": [32.99601, 0.54462, 2.5613],
						"0.8333": [7.75898, 0.43536, 2.59689],
						"0.9583": [-17.45729, -0.21434, 3.59585],
						"1.0": [-18, 0, 3.4]
					},
					"position": {
						"0.0": [0, -0.3, -1],
						"0.2917": [0, -0.2, -0.2],
						"0.5833": [0, -0.3, 0.6],
						"0.7083": [0, 0.7, -2.05],
						"0.9583": [0, 0.37, -0.98],
						"1.0": [0, -0.3, -1]
					}
				},
				"right_arm": {
					"rotation": {
						"0.0": [14.57, 0, -3.4],
						"0.0833": [20, 0, -2.4],
						"0.2083": [33, 0, -2.4],
						"0.4583": [-17.45729, 0.21434, -3.59585],
						"0.5": [-18, 0, -3.4],
						"1.0": [14.57, 0, -3.4]
					},
					"position": {
						"0.0": [0, -0.27, 0.37],
						"0.0833": [0, -0.3, 0.6],
						"0.2083": [0, 0.7, -2.05],
						"0.4583": [0, 0.37, -0.98],
						"0.5": [0, -0.3, -1],
						"0.7917": [0.075, -0.2, -0.2],
						"1.0": [0, -0.27, 0.37]
					}
				},
				"left_leg": {
					"rotation": {
						"0.0": [-5, 0, 3],
						"0.2917": [23, 0, 3],
						"0.375": [28, 0, 3],
						"0.5833": [-2, 0, 3],
						"0.6667": [-17, 0, 3],
						"0.7083": [-17, 0, 3],
						"1.0": [-5, 0, 3]
					},
					"position": {
						"0.0": [0, 0, 0.35],
						"0.2917": [-0.25, -0.3, -0.3],
						"0.375": [0, 0.2, -1.45],
						"0.5": [0, 2.01, -1.92],
						"0.5833": [0, 1.02, -1.5],
						"0.6667": [0, 0.4, -0.9],
						"0.7083": [0, 0, -1.1],
						"1.0": [0, 0, 0.35]
					}
				},
				"right_leg": {
					"rotation": {
						"0.0": [10, 0, -3],
						"0.0833": [-2, 0, -3],
						"0.1667": [-17, 0, -3],
						"0.2083": [-17, 0, -3],
						"0.5": [-5, 0, -3],
						"0.7917": [23, 0, -3],
						"0.875": [28, 0, -3],
						"1.0": [10, 0, -3]
					},
					"position": {
						"0.0": [0, 2.01, -1.92],
						"0.0833": [0, 1.02, -1.5],
						"0.1667": [0, 0.4, -0.9],
						"0.2083": [0, 0, -1.1],
						"0.5": [0, 0, 0.35],
						"0.7917": [0.25, -0.3, -0.3],
						"0.875": [0, 0.2, -1.45],
						"1.0": [0, 2.01, -1.92]
					}
				},
				"head": {
					"rotation": {
						"0.0": [-1, 0, 0],
						"0.0417": [-0.82629, 0, -0.4683],
						"0.0833": [-0.30854, 0, -0.82585],
						"0.1667": [1.20854, 0, -1.26836],
						"0.2083": [1.72629, 0, -1.3711],
						"0.25": [1.9, 0, -1.4],
						"0.2917": [1.72629, 0, -1.34926],
						"0.3333": [1.20854, 0, -1.23085],
						"0.4167": [-0.30854, 0, -0.80851],
						"0.4583": [-0.82629, 0, -0.47737],
						"0.5": [-1, 0, 0],
						"0.5417": [-0.82629, 0, 0.49273],
						"0.5833": [-0.30854, 0, 0.83901],
						"0.6667": [1.20854, 0, 1.25693],
						"0.7083": [1.72629, 0, 1.36027],
						"0.75": [1.9, 0, 1.4],
						"0.7917": [1.72629, 0, 1.38064],
						"0.8333": [1.20854, 0, 1.29472],
						"0.9167": [-0.30854, 0, 0.85517],
						"0.9583": [-0.82629, 0, 0.48021],
						"1.0": [-1, 0, 0]
					}
				},
				"front_legs": {
					"position": [0, 0, 1]
				},
				"back_legs": {
					"position": [0, 0, -1]
				}
			},
			"sound_effects": {
				"0.0": {
					"effect": "step"
				},
				"0.2083": {
					"effect": "step_-6dB"
				},
				"0.5": {
					"effect": "step"
				},
				"0.7083": {
					"effect": "step_-6dB"
				}
			}
		}
	}
}